<?xml version="1.0" encoding="UTF-8"?>
<project-private xmlns="http://www.netbeans.org/ns/project-private/1">
    <editor-bookmarks xmlns="http://www.netbeans.org/ns/editor-bookmarks/2" lastBookmarkId="0"/>
    <open-files xmlns="http://www.netbeans.org/ns/projectui-open-files/2">
        <group>
            <file>file:/C:/Users/parce/Desktop/Proyecto%20actual/SIGGA%20V1.8/src/java/DaoConexion/AssignamentTaskDao.java</file>
            <file>file:/C:/Users/parce/Desktop/Proyecto%20actual/SIGGA%20V1.8/src/java/Bean/AssignamentTaskBean.java</file>
            <file>file:/C:/Users/parce/Desktop/Proyecto%20actual/SIGGA%20V1.8/web/FrmgAsignarTarea.xhtml</file>
            <file>file:/C:/Users/parce/Desktop/Proyecto%20actual/SIGGA%20V1.8/web/FrmGestionEstados.xhtml</file>
            <file>file:/C:/Users/parce/Desktop/Proyecto%20actual/SIGGA%20V1.8/src/java/Model/AssignamentTask.java</file>
        </group>
    </open-files>
</project-private>
