<?xml version='1.0' encoding='UTF-8'?>
<faces-config version="2.0"
    xmlns="http://java.sun.com/xml/ns/javaee"
    xmlns:xsi="http://www.w3.org/2001/XMLSchema-instance"
    xsi:schemaLocation="http://java.sun.com/xml/ns/javaee http://java.sun.com/xml/ns/javaee/web-facesconfig_2_0.xsd">
    <navigation-rule>
        <from-view-id>/index.xhtml</from-view-id>
        <navigation-case>
            <from-outcome>admin</from-outcome>
            <to-view-id>/admin.xhtml</to-view-id>
        <redirect>     
        </redirect>
        </navigation-case>
 </navigation-rule>
</faces-config>