<?xml version="1.0" encoding="UTF-8"?>
<project-private xmlns="http://www.netbeans.org/ns/project-private/1">
    <editor-bookmarks xmlns="http://www.netbeans.org/ns/editor-bookmarks/2" lastBookmarkId="0"/>
    <open-files xmlns="http://www.netbeans.org/ns/projectui-open-files/2">
        <group>
            <file>file:/E:/SENA/SIGGA%20V1.6/SIGGA%20V1.6/web/pages/admin/FrmCargueInstructores.xhtml</file>
            <file>file:/E:/SENA/SIGGA%20V1.6/SIGGA%20V1.6/web/index.xhtml</file>
        </group>
    </open-files>
</project-private>
